incident_id,restaurant_name,location,city,state,date_reported,date_inspection,authority,finding,finding_categories,action_taken,samples_collected,closure_status,verification_status,source_name,source_type,source_url,evidence_excerpt,last_updated
FS-2026-0064,Blinkit dark store,,Rajkot,Gujarat,2026-09-26,2026-09-26,Rajkot Municipal Corporation (RMC) Health Department,"596 kg of rotten fruits and vegetables (potatoes, tomatoes, onions, okra, apples, bananas), some with visible mould; inspection followed customer complaints.",Spoiled / stale food; Microbial / fungal contamination,"596 kg destroyed; ₹10,000 fine under the Food Safety and Standards Act",,Fined — follow-up not yet reported,News report — corroboration recommended,ETV Bharat Gujarat,News,https://www.etvbharat.com/gu/state/rajkot-blinkit-596-kg-rotten-vegetables-fruits-destroyed-rmc-health-department-raid-gjs26092603887,"596 kg of rotten vegetables and fruits destroyed on site; ₹10,000 fine (report in Gujarati).",2026-09-27
FS-2026-0063,"Sweetmeat unit, Chheharta (name not published)",Chheharta,Amritsar,Punjab,2026-09-26,,"Food Safety Wing, Health Department, Punjab (Amritsar)",Stale sweets containing colouring agents.,Spoiled / stale food; Unsafe additives / colours,About 100 kg sweets destroyed on the spot; challan issued,"5 samples from the area (atta, mixed milk, desi ghee, paneer, burfi) sent to State Food Laboratory, Kharar — results pending",Stock destroyed; challan issued — follow-up not yet reported,News report — corroboration recommended,The Tribune,News,https://www.tribuneindia.com/news/amritsar/100-kg-sweets-destroyed-food-samples-collected-in-amritsar/,"""Around 100 kg of stale sweets containing colouring agents were destroyed on the spot""",2026-09-27
FS-2026-0062,Alpharam Hotel,,Warangal,Telangana,2026-09-26,,Telangana Standards Authority for Food and Essential Drugs (TG SAFE),"Among violations reported across a three-eatery inspection (Hyderabad, Warangal, Kamareddy): expired raw meat, about 5 kg reused cooking oil, unlabelled food and synthetic colour, expired products. Findings are not attributed per establishment in the report.",Expired food; Labelling / date-marking; Unsafe additives / colours,Improvement notice issued,,Improvement notice — follow-up not yet reported,News report — corroboration recommended,The Siasat Daily,News,https://www.siasat.com/tgsafe-raids-3-eateries-in-hyderabad-warangal-flags-violations-3548557/,An improvement notice was issued to Alpharam Hotel in Warangal following the inspection findings.,2026-09-27
FS-2026-0061,Fusion 9 / Amnesia Sky Bar (Sukdham Hospitality Pvt Ltd),"Inorbit Mall, Madhapur",Hyderabad,Telangana,2026-09-26,2026-09-26,Telangana Standards Authority for Food and Essential Drugs (TG SAFE),"Live cockroach infestation, rat faeces, unlabelled and expired food articles, spoiled and fungal-contaminated vegetables.",Pest infestation; Labelling / date-marking; Expired food; Spoiled / stale food; Microbial / fungal contamination,FSSAI licence suspended; ordered to stop operations,21 samples lifted across the drive on suspicion of adulteration (results pending),Licence suspended — follow-up not yet reported,News report — corroboration recommended,Hyderabad Mail,News,https://hyderabadmail.com/tg-safe-suspends-fssai-licences-11-hyderabad-restaurants/,"""live cockroach infestation, rat faeces, unlabeled and expired food articles, spoiled and fungal-contaminated vegetables""",2026-09-27
FS-2026-0060,Am Aha Telugu Kitchen and Bar (Onamau Food and Beverages LLP),"Inorbit Mall, Madhapur",Hyderabad,Telangana,2026-09-26,2026-09-26,Telangana Standards Authority for Food and Essential Drugs (TG SAFE),"Cockroach and rodent infestation, food articles infested with cockroaches, damaged vegetarian mayonnaise, missing water-analysis reports.",Pest infestation; Spoiled / stale food; Water / ice safety,FSSAI licence suspended; ordered to stop operations,21 samples lifted across the drive on suspicion of adulteration (results pending),Licence suspended — follow-up not yet reported,News report — corroboration recommended,Hyderabad Mail,News,https://hyderabadmail.com/tg-safe-suspends-fssai-licences-11-hyderabad-restaurants/,"""cockroach and rodent infestation and food articles infested with cockroaches""",2026-09-27
FS-2026-0059,AnTeRa Kitchen and Bar,Gachibowli,Hyderabad,Telangana,2026-09-26,2026-09-26,Telangana Standards Authority for Food and Essential Drugs (TG SAFE),"Spoiled and fungal-contaminated vegetables, expired food articles, cockroach infestation, blocked drains, improper refrigerator storage.",Spoiled / stale food; Microbial / fungal contamination; Expired food; Pest infestation; Waste / drainage; Storage / packaging,FSSAI licence suspended; ordered to stop operations,21 samples lifted across the drive on suspicion of adulteration (results pending),Licence suspended — follow-up not yet reported,News report — corroboration recommended,Hyderabad Mail,News,https://hyderabadmail.com/tg-safe-suspends-fssai-licences-11-hyderabad-restaurants/,"""spoiled and fungal-contaminated vegetables, expired food articles, cockroach infestation""",2026-09-27
FS-2026-0058,Kanchi Cafe (Kkkonka Food and Beverages Pvt Ltd),Hitech City,Hyderabad,Telangana,2026-09-26,2026-09-26,Telangana Standards Authority for Food and Essential Drugs (TG SAFE),"Cockroach and fly infestation, spoiled raw materials, clogged drains, expired food, patchy ceiling with cobwebs.",Pest infestation; Spoiled / stale food; Waste / drainage; Expired food; Equipment / premises,FSSAI licence suspended; ordered to stop operations,21 samples lifted across the drive on suspicion of adulteration (results pending),Licence suspended — follow-up not yet reported,News report — corroboration recommended,Hyderabad Mail,News,https://hyderabadmail.com/tg-safe-suspends-fssai-licences-11-hyderabad-restaurants/,"""cockroach and fly infestation, spoiled raw materials, clogged drains, expired food""",2026-09-27
FS-2026-0057,Coal Spark Multi Cuisine Restaurant,Hitech City,Hyderabad,Telangana,2026-09-26,2026-09-26,Telangana Standards Authority for Food and Essential Drugs (TG SAFE),"Fungal contamination of stored dry goods (22 kg peanuts, 25 kg pepper, 8.9 kg cashews discarded); improper raw meat storage.",Microbial / fungal contamination; Storage / packaging,FSSAI licence suspended; ordered to stop operations,21 samples lifted across the drive on suspicion of adulteration (results pending),Licence suspended — follow-up not yet reported,News report — corroboration recommended,Hyderabad Mail,News,https://hyderabadmail.com/tg-safe-suspends-fssai-licences-11-hyderabad-restaurants/,"""22 kg of peanuts, 25 kg of pepper and 8.9 kg of cashews were discarded""",2026-09-27
FS-2026-0056,Udupi's Upahar (Vimala World Trading Ltd),Gachibowli,Hyderabad,Telangana,2026-09-26,2026-09-26,Telangana Standards Authority for Food and Essential Drugs (TG SAFE),"Cockroach and rodent infestation, flaky and greasy walls and ceilings, clogged drains, expired food articles.",Pest infestation; Equipment / premises; Waste / drainage; Expired food,FSSAI licence suspended; ordered to stop operations,21 samples lifted across the drive on suspicion of adulteration (results pending),Licence suspended — follow-up not yet reported,News report — corroboration recommended,Hyderabad Mail,News,https://hyderabadmail.com/tg-safe-suspends-fssai-licences-11-hyderabad-restaurants/,"""cockroach and rodent infestation, flaky and greasy walls and ceilings, clogged drains""",2026-09-27
FS-2026-0055,Sai Ram Mess,Madhapur,Hyderabad,Telangana,2026-09-26,2026-09-26,Telangana Standards Authority for Food and Essential Drugs (TG SAFE),"Pest-infested maida, urad dal and garlic; cockroach and housefly infestation; overflowing drains.",Pest infestation; Waste / drainage,FSSAI licence suspended; ordered to stop operations,21 samples lifted across the drive on suspicion of adulteration (results pending),Licence suspended — follow-up not yet reported,News report — corroboration recommended,Hyderabad Mail,News,https://hyderabadmail.com/tg-safe-suspends-fssai-licences-11-hyderabad-restaurants/,"""pest-infested maida, urad dal and garlic, cockroach and housefly infestation""",2026-09-27
FS-2026-0054,Lucky Multicuisine Restaurant,Madhapur,Hyderabad,Telangana,2026-09-26,2026-09-26,Telangana Standards Authority for Food and Essential Drugs (TG SAFE),"Stale food, improper refrigerator storage, vegetarian and non-vegetarian food stored together, uncovered food, cockroaches, houseflies, expired food.",Spoiled / stale food; Storage / packaging; Cross-contamination / segregation; Pest infestation; Expired food,FSSAI licence suspended; ordered to stop operations,21 samples lifted across the drive on suspicion of adulteration (results pending),Licence suspended — follow-up not yet reported,News report — corroboration recommended,Hyderabad Mail,News,https://hyderabadmail.com/tg-safe-suspends-fssai-licences-11-hyderabad-restaurants/,"""stale food, improper refrigerator storage, vegetables and non-vegetarian food stored together, uncovered food, cockroaches, houseflies, expired food""",2026-09-27
FS-2026-0053,Al Saba Restaurant,Gachibowli,Hyderabad,Telangana,2026-09-26,2026-09-26,Telangana Standards Authority for Food and Essential Drugs (TG SAFE),"Greasy kitchen walls and chimneys, cigarette butts and gutka packets, cockroach infestation, raw meat stored with prepared food.",Poor hygiene / sanitation; Pest infestation; Cross-contamination / segregation,FSSAI licence suspended; ordered to stop operations,21 samples lifted across the drive on suspicion of adulteration (results pending),Licence suspended — follow-up not yet reported,News report — corroboration recommended,Hyderabad Mail,News,https://hyderabadmail.com/tg-safe-suspends-fssai-licences-11-hyderabad-restaurants/,"""greasy kitchen walls and chimneys, cigarette butts and gutka packets, cockroach infestation""",2026-09-27
FS-2026-0052,Shivani The Restaurant and Bar (Priyanka Hospitality Services),Gachibowli,Hyderabad,Telangana,2026-09-26,2026-09-26,Telangana Standards Authority for Food and Essential Drugs (TG SAFE),"Dirty kitchen floor, cockroach infestation, worms in food articles, missing pest-control and health records.",Poor hygiene / sanitation; Pest infestation; Medical / training records,FSSAI licence suspended; ordered to stop operations,21 samples lifted across the drive on suspicion of adulteration (results pending),Licence suspended — follow-up not yet reported,News report — corroboration recommended,Hyderabad Mail,News,https://hyderabadmail.com/tg-safe-suspends-fssai-licences-11-hyderabad-restaurants/,"Dirty kitchen floor, cockroach infestation, worms in food articles; pest-control and health records missing.",2026-09-27
FS-2026-0051,Monastery,Hitech City,Hyderabad,Telangana,2026-09-26,2026-09-26,Telangana Standards Authority for Food and Essential Drugs (TG SAFE),"Cockroach and rodent infestation, fungal contamination of vegetables, spoiled eggs, unlabelled products, expired and stale food.",Pest infestation; Microbial / fungal contamination; Spoiled / stale food; Labelling / date-marking; Expired food,FSSAI licence suspended; ordered to stop operations,21 samples lifted across the drive on suspicion of adulteration (results pending),Licence suspended — follow-up not yet reported,News report — corroboration recommended,Hyderabad Mail,News,https://hyderabadmail.com/tg-safe-suspends-fssai-licences-11-hyderabad-restaurants/,"""cockroach and rodent infestation, fungal contamination of vegetables, spoiled eggs, unlabeled products, expired food and stale food""",2026-09-27
FS-2026-0050,Eastern Spice Restaurant,Akkayyapalem,Visakhapatnam,Andhra Pradesh,2026-09-26,,Andhra Pradesh Drugs and Food Safety Department,Failure to maintain hygiene standards (inspected Thursday night).,Poor hygiene / sanitation,Improvement notice; case registered,,Improvement notice — follow-up not yet reported,News report — corroboration recommended,IndiaLive,News,https://indialive.net/food-safety-inspections-expose-hygiene-lapses-at-hotels-restaurants-in-visakhapatnam/,Improvement notice issued and case registered for failing to maintain hygiene standards.,2026-09-26
FS-2026-0049,Fusion Foods,Siripuram,Visakhapatnam,Andhra Pradesh,2026-09-26,,Andhra Pradesh Drugs and Food Safety Department,Unhygienic kitchen conditions (inspected Thursday night).,Poor hygiene / sanitation,Kitchen sealed; notice issued,,Kitchen sealed — follow-up not yet reported,News report — corroboration recommended,IndiaLive,News,https://indialive.net/food-safety-inspections-expose-hygiene-lapses-at-hotels-restaurants-in-visakhapatnam/,Kitchen sealed and notice issued over unhygienic conditions.,2026-09-26
FS-2026-0048,Alpha Hotel,Jagadamba Centre,Visakhapatnam,Andhra Pradesh,2026-09-26,,Andhra Pradesh Drugs and Food Safety Department,Unhygienic kitchen conditions (inspected Thursday night).,Poor hygiene / sanitation,Kitchen sealed; notice issued,,Kitchen sealed — follow-up not yet reported,News report — corroboration recommended,IndiaLive,News,https://indialive.net/food-safety-inspections-expose-hygiene-lapses-at-hotels-restaurants-in-visakhapatnam/,Kitchen sealed and notice issued over unhygienic conditions.,2026-09-26
FS-2026-0047,Pista House,Beach Road,Visakhapatnam,Andhra Pradesh,2026-09-26,,Andhra Pradesh Drugs and Food Safety Department,Improper food storage (inspected Thursday night).,Storage / packaging,About 30 kg chicken destroyed; improvement notice; case registered,,Improvement notice — follow-up not yet reported,News report — corroboration recommended,IndiaLive,News,https://indialive.net/food-safety-inspections-expose-hygiene-lapses-at-hotels-restaurants-in-visakhapatnam/,"""officials destroyed around 30 kg of chicken""; improvement notice issued and case registered.",2026-09-26
FS-2026-0046,Kamath Hotel,Beach Road,Visakhapatnam,Andhra Pradesh,2026-09-26,,Andhra Pradesh Drugs and Food Safety Department,Chicken stored in violation of the rules (inspected Thursday night).,Storage / packaging; Temperature control,About 60 kg chicken destroyed; kitchen sealed; improvement notice; case registered,,Kitchen sealed — follow-up not yet reported,News report — corroboration recommended,IndiaLive,News,https://indialive.net/food-safety-inspections-expose-hygiene-lapses-at-hotels-restaurants-in-visakhapatnam/,"""around 60 kg of chicken stored in violation of the rules was destroyed""",2026-09-26
FS-2026-0040,Vaishnavi Darshini,Begum Bazar,Hyderabad,Telangana,2026-09-24,2026-09-24,Telangana Standards Authority for Food and Essential Drugs (TG SAFE),Hygiene violations (not itemised per establishment in the report).,Poor hygiene / sanitation,FSSAI licence suspended,16 samples across the drive,Licence suspended — follow-up not yet reported,News report — corroboration recommended,Telangana Today,News,https://telanganatoday.com/tg-safe-orders-eight-eateries-to-shut-over-serious-hygiene-lapses,Listed among eight establishments whose licences were suspended over serious hygiene lapses.,2026-09-25
FS-2026-0039,Sri Sai Mess Branch (Babai Hotel),Kondapur,Hyderabad,Telangana,2026-09-24,2026-09-24,Telangana Standards Authority for Food and Essential Drugs (TG SAFE),Hygiene violations (not itemised per establishment in the report).,Poor hygiene / sanitation,FSSAI licence suspended,16 samples across the drive,Licence suspended — follow-up not yet reported,News report — corroboration recommended,Telangana Today,News,https://telanganatoday.com/tg-safe-orders-eight-eateries-to-shut-over-serious-hygiene-lapses,Listed among eight establishments whose licences were suspended over serious hygiene lapses.,2026-09-25
FS-2026-0038,Sri Krishna Family Dhaba Pure Veg,Gopanpally,Hyderabad,Telangana,2026-09-24,2026-09-24,Telangana Standards Authority for Food and Essential Drugs (TG SAFE),Hygiene violations (not itemised per establishment in the report).,Poor hygiene / sanitation,FSSAI licence suspended,16 samples across the drive,Licence suspended — follow-up not yet reported,News report — corroboration recommended,Telangana Today,News,https://telanganatoday.com/tg-safe-orders-eight-eateries-to-shut-over-serious-hygiene-lapses,Listed among eight establishments whose licences were suspended over serious hygiene lapses.,2026-09-25
FS-2026-0037,Spicy Hub (Green Treat Restaurant),Kothapet,Hyderabad,Telangana,2026-09-24,2026-09-24,Telangana Standards Authority for Food and Essential Drugs (TG SAFE),Hygiene violations (not itemised per establishment in the report).,Poor hygiene / sanitation,FSSAI licence suspended,16 samples across the drive,Licence suspended — follow-up not yet reported,News report — corroboration recommended,Telangana Today,News,https://telanganatoday.com/tg-safe-orders-eight-eateries-to-shut-over-serious-hygiene-lapses,Listed among eight establishments whose licences were suspended over serious hygiene lapses.,2026-09-25
FS-2026-0036,Pakwan Grand Restaurant,Raidurg,Hyderabad,Telangana,2026-09-24,2026-09-24,Telangana Standards Authority for Food and Essential Drugs (TG SAFE),"1,170 kg of expired rice, 45 kg of noodles with labelling defects, spoiled eggs, rodent infestation, unhygienic refrigerators.",Expired food; Labelling / date-marking; Spoiled / stale food; Pest infestation; Temperature control,FSSAI licence suspended,16 samples across the drive,Licence suspended — follow-up not yet reported,News report — corroboration recommended,Telangana Today,News,https://telanganatoday.com/tg-safe-orders-eight-eateries-to-shut-over-serious-hygiene-lapses,"""1,170 kg of expired rice bags and 45 kg of noodles with labelling defects. Spoiled eggs, rodent infestation and unhygienic refrigerators""",2026-09-25
FS-2026-0035,Lucky Restaurant,"Pragathi Nagar, Bachupally",Hyderabad,Telangana,2026-09-24,2026-09-24,Telangana Standards Authority for Food and Essential Drugs (TG SAFE),Operating without an FSSAI licence; heavy cockroach infestation and unhygienic conditions.,Licensing / registration; Pest infestation; Poor hygiene / sanitation,Closure ordered,,Closed — follow-up not yet reported,News report — corroboration recommended,Telangana Today,News,https://telanganatoday.com/tg-safe-orders-eight-eateries-to-shut-over-serious-hygiene-lapses,"TG SAFE ""ordered the closure of Lucky Restaurant... for operating without an FSSAI licence"".",2026-09-25
FS-2026-0034,Godavari Ghumaghumalu,Hafeezpet,Hyderabad,Telangana,2026-09-24,2026-09-24,Telangana Standards Authority for Food and Essential Drugs (TG SAFE),Hygiene violations (not itemised per establishment in the report).,Poor hygiene / sanitation,FSSAI licence suspended,16 samples across the drive,Licence suspended — follow-up not yet reported,News report — corroboration recommended,Telangana Today,News,https://telanganatoday.com/tg-safe-orders-eight-eateries-to-shut-over-serious-hygiene-lapses,Listed among eight establishments whose licences were suspended over serious hygiene lapses.,2026-09-25
FS-2026-0033,Aroma Multicuisine Restaurant,"Jayabheri Enclave, Gachibowli",Hyderabad,Telangana,2026-09-24,2026-09-24,Telangana Standards Authority for Food and Essential Drugs (TG SAFE),"Food articles infested with cockroaches and bitten by rats, expired food products, cats on premises.",Pest infestation; Expired food; Poor hygiene / sanitation,FSSAI licence suspended,16 samples across the drive,Licence suspended — follow-up not yet reported,News report — corroboration recommended,Telangana Today,News,https://telanganatoday.com/tg-safe-orders-eight-eateries-to-shut-over-serious-hygiene-lapses,"""food articles infested with cockroaches and bitten by rats, expired food products and the presence of cats""",2026-09-25
FS-2026-0032,Aditya Restaurant and Bar,Safilguda,Hyderabad,Telangana,2026-09-24,2026-09-24,Telangana Standards Authority for Food and Essential Drugs (TG SAFE),"Spoiled vegetables, greasy exhausts and cockroach infestation.",Spoiled / stale food; Equipment / premises; Pest infestation,FSSAI licence suspended,16 samples across the drive,Licence suspended — follow-up not yet reported,News report — corroboration recommended,Telangana Today,News,https://telanganatoday.com/tg-safe-orders-eight-eateries-to-shut-over-serious-hygiene-lapses,"""serious hygiene lapses... including spoiled vegetables, greasy exhausts and cockroach infestation""",2026-09-25
FS-2026-0045,Gurukrupa Dairy Products,Malad East,Mumbai,Maharashtra,2026-09-23,,"Food and Drug Administration (FDA), Maharashtra","Suspected manufacture of counterfeit ghee (sold as ""Pooja Ghee"") by blending refined sunflower oil, vanaspati and branded ghee. Suspected adulteration — no lab result reported.",Adulteration; Labelling / date-marking,"Seizure of 2,464.05 kg of products (₹13.55 lakh) and equipment (₹1.60 lakh); total ₹15.15 lakh",,Stock seized — lab result and follow-up not yet reported,News report — corroboration recommended,Free Press Journal,News,https://www.freepressjournal.in/mumbai/mumbai-fda-action-licences-of-5-food-establishments-suspended-1515-lakh-adulterated-ghee-stock-seized,"""blending refined sunflower oil, vanaspati and branded ghee"" to make ghee sold as ""Pooja Ghee""; 2,464.05 kg seized.",2026-09-26
FS-2026-0044,Gufran Seekh Corner,"Yari Road, Versova",Mumbai,Maharashtra,2026-09-23,,"Food and Drug Administration (FDA), Maharashtra","Operating without a valid food licence/registration; improper storage, inadequate cleanliness, pest-control deficiencies, water-testing issues.",Licensing / registration; Storage / packaging; Poor hygiene / sanitation; Pest infestation; Water / ice safety,Ordered to stop operations,,Closed — follow-up not yet reported,News report — corroboration recommended,Free Press Journal,News,https://www.freepressjournal.in/mumbai/mumbai-fda-action-licences-of-5-food-establishments-suspended-1515-lakh-adulterated-ghee-stock-seized,"""operating without a valid food licence/registration""; ordered to cease operations immediately.",2026-09-26
FS-2026-0043,Mirari,"St Dominic Road, Bandra West",Mumbai,Maharashtra,2026-09-23,,"Food and Drug Administration (FDA), Maharashtra",Violations of Schedule 4 hygiene and health requirements (not itemised in the report).,Poor hygiene / sanitation,Licence/registration suspended; legal action initiated,,Licence suspended — follow-up not yet reported,News report — corroboration recommended,Free Press Journal,News,https://www.freepressjournal.in/mumbai/mumbai-fda-action-licences-of-5-food-establishments-suspended-1515-lakh-adulterated-ghee-stock-seized,Licence/registration suspended for Schedule 4 violations; legal action initiated.,2026-09-26
FS-2026-0042,Dreamer Hospitality Pvt Ltd,Bandra West,Mumbai,Maharashtra,2026-09-23,,"Food and Drug Administration (FDA), Maharashtra",Violations of Schedule 4 hygiene and health requirements (not itemised in the report).,Poor hygiene / sanitation,FSSAI licence suspended; legal action initiated,,Licence suspended — follow-up not yet reported,News report — corroboration recommended,Free Press Journal,News,https://www.freepressjournal.in/mumbai/mumbai-fda-action-licences-of-5-food-establishments-suspended-1515-lakh-adulterated-ghee-stock-seized,Licence suspended and legal action initiated for violations of Schedule 4 hygiene and health provisions.,2026-09-26
FS-2026-0041,BJRS (Gallops) Restaurant,Mahalaxmi Racecourse,Mumbai,Maharashtra,2026-09-23,,"Food and Drug Administration (FDA), Maharashtra","Blood and ketchup stains on ice in a refrigerator, raw material in torn packaging, grease build-up, cockroaches and ants, water stagnation, no food-handler medical records.",Poor hygiene / sanitation; Storage / packaging; Pest infestation; Waste / drainage; Medical / training records,FSSAI licence suspended,,Licence suspended — follow-up not yet reported,News report — corroboration recommended,Free Press Journal,News,https://www.freepressjournal.in/mumbai/mumbai-fda-action-licences-of-5-food-establishments-suspended-1515-lakh-adulterated-ghee-stock-seized,"""blood and ketchup stains from non-vegetarian items on ice inside a refrigerator, raw material stored in torn or damaged packaging, grease accumulation""",2026-09-26
FS-2026-0031,Olympia Coffee House,Colaba,Mumbai,Maharashtra,2026-09-18,,"Food and Drug Administration, Maharashtra","Raid on a consumer complaint found insect, cockroach and fly infestation, meat blood in the refrigerator, a urinal in the food storage area, food prepared on floors, and 34 of 35 food handlers untrained.",Pest infestation; Cross-contamination / segregation; Poor hygiene / sanitation; Water / ice safety; Medical / training records,"Food licence suspended on 17 Sep 2026 under Section 32(3), FSS Act 2006",,Suspended until violations corrected and re-inspection passed,News report — corroboration recommended,The Federal,News,https://thefederal.com/category/states/west/maharashtra/fda-mumbai-raid-olympia-coffee-house-256927,"Inspectors reported ""a urinal located in the food storage area""; ""out of 35 food handlers, 34 had not undergone the required food safety training"".",2026-09-25
FS-2026-0030,New Limra Hotel,LB Nagar,Hyderabad,Telangana,2026-09-16,2026-09-16,Telangana Standards Authority for Food and Essential Drugs (TG SAFE),"FSSAI licence suspended during an LB Nagar zone drive in which 20 establishments were inspected; group findings included spoiled meat and vegetables, pest infestation and expired food.",Spoiled / stale food; Pest infestation; Poor hygiene / sanitation; Expired food; Cross-contamination / segregation; Licensing / registration,Licence suspended; stop-business direction; contaminated material discarded,20 samples across the drive,Licence suspended — follow-up not yet reported,News report — corroboration recommended,Telangana Today,News,https://telanganatoday.com/tg-safe-suspends-fssai-licences-of-nine-food-establishments-in-lb-nagar,"TG SAFE found ""spoiled and contaminated meat and vegetables, cockroach, housefly and rodent infestation"", ""unhygienic premises, poor maintenance of records and refrigerators"", ""improper segregation of vegetarian and non-vegetarian food, expired food articles and pest-infested food"" across the establishments and directed them ""to stop business operations immediately in the interest of public health"". Findings were reported for the group; the report does not itemise them per establishment.",2026-09-25
FS-2026-0029,N Village Multicuisine Restaurant,Champapet,Hyderabad,Telangana,2026-09-16,2026-09-16,Telangana Standards Authority for Food and Essential Drugs (TG SAFE),"FSSAI licence suspended during an LB Nagar zone drive in which 20 establishments were inspected; group findings included spoiled meat and vegetables, pest infestation and expired food.",Spoiled / stale food; Pest infestation; Poor hygiene / sanitation; Expired food; Cross-contamination / segregation; Licensing / registration,Licence suspended; stop-business direction; contaminated material discarded,20 samples across the drive,Licence suspended — follow-up not yet reported,News report — corroboration recommended,Telangana Today,News,https://telanganatoday.com/tg-safe-suspends-fssai-licences-of-nine-food-establishments-in-lb-nagar,"TG SAFE found ""spoiled and contaminated meat and vegetables, cockroach, housefly and rodent infestation"", ""unhygienic premises, poor maintenance of records and refrigerators"", ""improper segregation of vegetarian and non-vegetarian food, expired food articles and pest-infested food"" across the establishments and directed them ""to stop business operations immediately in the interest of public health"". Findings were reported for the group; the report does not itemise them per establishment.",2026-09-25
FS-2026-0028,Hotel Sindhura East Court,LB Nagar,Hyderabad,Telangana,2026-09-16,2026-09-16,Telangana Standards Authority for Food and Essential Drugs (TG SAFE),"FSSAI licence suspended during an LB Nagar zone drive in which 20 establishments were inspected; group findings included spoiled meat and vegetables, pest infestation and expired food.",Spoiled / stale food; Pest infestation; Poor hygiene / sanitation; Expired food; Cross-contamination / segregation; Licensing / registration,Licence suspended; stop-business direction; contaminated material discarded,20 samples across the drive,Licence suspended — follow-up not yet reported,News report — corroboration recommended,Telangana Today,News,https://telanganatoday.com/tg-safe-suspends-fssai-licences-of-nine-food-establishments-in-lb-nagar,"TG SAFE found ""spoiled and contaminated meat and vegetables, cockroach, housefly and rodent infestation"", ""unhygienic premises, poor maintenance of records and refrigerators"", ""improper segregation of vegetarian and non-vegetarian food, expired food articles and pest-infested food"" across the establishments and directed them ""to stop business operations immediately in the interest of public health"". Findings were reported for the group; the report does not itemise them per establishment.",2026-09-25
FS-2026-0027,Hotel Sangeeth Grand Restaurant and Bar,LB Nagar,Hyderabad,Telangana,2026-09-16,2026-09-16,Telangana Standards Authority for Food and Essential Drugs (TG SAFE),"FSSAI licence suspended during an LB Nagar zone drive in which 20 establishments were inspected; group findings included spoiled meat and vegetables, pest infestation and expired food.",Spoiled / stale food; Pest infestation; Poor hygiene / sanitation; Expired food; Cross-contamination / segregation; Licensing / registration,Licence suspended; stop-business direction; contaminated material discarded,20 samples across the drive,Licence suspended — follow-up not yet reported,News report — corroboration recommended,Telangana Today,News,https://telanganatoday.com/tg-safe-suspends-fssai-licences-of-nine-food-establishments-in-lb-nagar,"TG SAFE found ""spoiled and contaminated meat and vegetables, cockroach, housefly and rodent infestation"", ""unhygienic premises, poor maintenance of records and refrigerators"", ""improper segregation of vegetarian and non-vegetarian food, expired food articles and pest-infested food"" across the establishments and directed them ""to stop business operations immediately in the interest of public health"". Findings were reported for the group; the report does not itemise them per establishment.",2026-09-25
FS-2026-0026,Hotel Kinara Grand Restaurant and Bar,Vanasthalipuram,Hyderabad,Telangana,2026-09-16,2026-09-16,Telangana Standards Authority for Food and Essential Drugs (TG SAFE),"FSSAI licence suspended during an LB Nagar zone drive in which 20 establishments were inspected; group findings included spoiled meat and vegetables, pest infestation and expired food.",Spoiled / stale food; Pest infestation; Poor hygiene / sanitation; Expired food; Cross-contamination / segregation; Licensing / registration,Licence suspended; stop-business direction; contaminated material discarded,20 samples across the drive,Licence suspended — follow-up not yet reported,News report — corroboration recommended,Telangana Today,News,https://telanganatoday.com/tg-safe-suspends-fssai-licences-of-nine-food-establishments-in-lb-nagar,"TG SAFE found ""spoiled and contaminated meat and vegetables, cockroach, housefly and rodent infestation"", ""unhygienic premises, poor maintenance of records and refrigerators"", ""improper segregation of vegetarian and non-vegetarian food, expired food articles and pest-infested food"" across the establishments and directed them ""to stop business operations immediately in the interest of public health"". Findings were reported for the group; the report does not itemise them per establishment.",2026-09-25
FS-2026-0025,Chemistry Bar and Kitchen (Surabhi Grand),LB Nagar,Hyderabad,Telangana,2026-09-16,2026-09-16,Telangana Standards Authority for Food and Essential Drugs (TG SAFE),"FSSAI licence suspended during an LB Nagar zone drive in which 20 establishments were inspected; group findings included spoiled meat and vegetables, pest infestation and expired food.",Spoiled / stale food; Pest infestation; Poor hygiene / sanitation; Expired food; Cross-contamination / segregation; Licensing / registration,Licence suspended; stop-business direction; contaminated material discarded,20 samples across the drive,Licence suspended — follow-up not yet reported,News report — corroboration recommended,Telangana Today,News,https://telanganatoday.com/tg-safe-suspends-fssai-licences-of-nine-food-establishments-in-lb-nagar,"TG SAFE found ""spoiled and contaminated meat and vegetables, cockroach, housefly and rodent infestation"", ""unhygienic premises, poor maintenance of records and refrigerators"", ""improper segregation of vegetarian and non-vegetarian food, expired food articles and pest-infested food"" across the establishments and directed them ""to stop business operations immediately in the interest of public health"". Findings were reported for the group; the report does not itemise them per establishment.",2026-09-25
FS-2026-0024,Bahar Biryani Café,LB Nagar,Hyderabad,Telangana,2026-09-16,2026-09-16,Telangana Standards Authority for Food and Essential Drugs (TG SAFE),"FSSAI licence suspended during an LB Nagar zone drive in which 20 establishments were inspected; group findings included spoiled meat and vegetables, pest infestation and expired food.",Spoiled / stale food; Pest infestation; Poor hygiene / sanitation; Expired food; Cross-contamination / segregation; Licensing / registration,Licence suspended; stop-business direction; contaminated material discarded,20 samples across the drive,Licence suspended — follow-up not yet reported,News report — corroboration recommended,Telangana Today,News,https://telanganatoday.com/tg-safe-suspends-fssai-licences-of-nine-food-establishments-in-lb-nagar,"TG SAFE found ""spoiled and contaminated meat and vegetables, cockroach, housefly and rodent infestation"", ""unhygienic premises, poor maintenance of records and refrigerators"", ""improper segregation of vegetarian and non-vegetarian food, expired food articles and pest-infested food"" across the establishments and directed them ""to stop business operations immediately in the interest of public health"". Findings were reported for the group; the report does not itemise them per establishment.",2026-09-25
FS-2026-0023,Sri Balaji Luxury Men's PG Hostel,Kukatpally,Hyderabad,Telangana,2026-09-10,,Telangana Standards Authority for Food and Essential Drugs (TG SAFE),"Cockroach and rodent infestation, expired and pest-infested food, unhygienic premises and inadequate records.",Pest infestation; Expired food; Poor hygiene / sanitation; Medical / training records,FSSAI licence suspended; ordered to stop business operations immediately,20 samples across the drive,Licence suspended — follow-up not yet reported,News report — corroboration recommended,The South First,News,https://thesouthfirst.com/telangana/hyderabad-food-safety-crackdown-five-fssai-licences-suspended-in-kukatpally/,"Reported finding: Cockroach and rodent infestation, expired and pest-infested food, unhygienic premises and inadequate records.",2026-09-25
FS-2026-0022,Manikanta's Live Space Luxury Women's Hostel,Kukatpally,Hyderabad,Telangana,2026-09-10,,Telangana Standards Authority for Food and Essential Drugs (TG SAFE),"Heavy cockroach infestation, pest-infested food articles and groundnuts with fungal contamination.",Pest infestation; Microbial / fungal contamination,FSSAI licence suspended; ordered to stop business operations immediately,20 samples across the drive,Licence suspended — follow-up not yet reported,News report — corroboration recommended,The South First,News,https://thesouthfirst.com/telangana/hyderabad-food-safety-crackdown-five-fssai-licences-suspended-in-kukatpally/,"Reported finding: Heavy cockroach infestation, pest-infested food articles and groundnuts with fungal contamination.",2026-09-25
FS-2026-0021,Mandi King Arabian Restaurant,Kukatpally,Hyderabad,Telangana,2026-09-10,,Telangana Standards Authority for Food and Essential Drugs (TG SAFE),"Improperly maintained refrigerators, inadequate segregation of vegetarian and non-vegetarian food and of raw and semi-prepared foods, spoiled vegetables and unhygienic premises.",Temperature control; Cross-contamination / segregation; Spoiled / stale food; Poor hygiene / sanitation,FSSAI licence suspended; ordered to stop business operations immediately,20 samples across the drive,Licence suspended — follow-up not yet reported,News report — corroboration recommended,The South First,News,https://thesouthfirst.com/telangana/hyderabad-food-safety-crackdown-five-fssai-licences-suspended-in-kukatpally/,"Reported finding: Improperly maintained refrigerators, inadequate segregation of vegetarian and non-vegetarian food and of raw and semi-prepared foods, spoiled vegetables and unhygienic premises.",2026-09-25
FS-2026-0020,Hotel Sitara Grand,Kukatpally,Hyderabad,Telangana,2026-09-10,,Telangana Standards Authority for Food and Essential Drugs (TG SAFE),"Cockroach and rodent infestation, expired and pest-infested food, improperly maintained refrigerators.",Pest infestation; Expired food; Temperature control,FSSAI licence suspended; ordered to stop business operations immediately,20 samples across the drive,Licence suspended — follow-up not yet reported,News report — corroboration recommended,The South First,News,https://thesouthfirst.com/telangana/hyderabad-food-safety-crackdown-five-fssai-licences-suspended-in-kukatpally/,"Reported finding: Cockroach and rodent infestation, expired and pest-infested food, improperly maintained refrigerators.",2026-09-25
FS-2026-0019,Hotel South Ruchi,Race Course Road,Bengaluru,Karnataka,2026-09-09,2026-09-09,"Food Safety and Drug Administration, Karnataka",Unhygienic kitchen; expired mushrooms and spice powders; mislabelled products including jaggery and millets.,Poor hygiene / sanitation; Expired food; Labelling / date-marking,Ordered to close,,Closed — follow-up not yet reported,News report — corroboration recommended,Deccan Herald,News,https://www.deccanherald.com/india/karnataka/bengaluru/bengaluru-restaurant-shut-after-fda-inspection-reveals-unhygienic-kitchen-4140615,"""Officials also found expired packets of mushroom, spice powders and other food ingredients. Mislabeling was also observed in some food products, officials said.""",2026-09-25
FS-2026-0018,Shadab Hotel,Madina Building,Hyderabad,Telangana,2026-09-03,,Telangana Standards Authority for Food and Essential Drugs (TG SAFE),"Multiple violations related to hygiene, sanitation and storage of meat.",Poor hygiene / sanitation; Storage / packaging,FSSAI licence suspended; directed to stop operations immediately,15 samples across the drive,Licence suspended — follow-up not yet reported,News report — corroboration recommended,Telangana Today,News,https://telanganatoday.com/tg-safe-raids-hyderabad-cafes-finds-several-food-safety-violations,"""Multiple violations related to hygiene, sanitation and storage of meat.""",2026-09-25
FS-2026-0017,Dreamz Cafeteria,Bagh Lingampally,Hyderabad,Telangana,2026-09-03,,Telangana Standards Authority for Food and Essential Drugs (TG SAFE),Operating without a valid FSSAI licence or registration.,Licensing / registration,Closed; show-cause notice issued,15 samples across the drive,Closed — follow-up not yet reported,News report — corroboration recommended,Telangana Today,News,https://telanganatoday.com/tg-safe-raids-hyderabad-cafes-finds-several-food-safety-violations,Closed for operating without a valid FSSAI licence during a TG SAFE drive covering 19 cafes and snack points.,2026-09-25
FS-2026-0016,Asiatic Café,Panjagutta,Hyderabad,Telangana,2026-09-03,,Telangana Standards Authority for Food and Essential Drugs (TG SAFE),Operating without a valid FSSAI licence or registration.,Licensing / registration,Closed,15 samples across the drive,Closed — follow-up not yet reported,News report — corroboration recommended,Telangana Today,News,https://telanganatoday.com/tg-safe-raids-hyderabad-cafes-finds-several-food-safety-violations,Closed for operating without a valid FSSAI licence during a TG SAFE drive covering 19 cafes and snack points.,2026-09-25
FS-2026-0015,Restaurant at Kranti Chowk (name not published),Kranti Chowk,Chhatrapati Sambhajinagar,Maharashtra,2026-08-22,2026-08-22,"Food and Drug Administration, Maharashtra","Foul-smelling chopped paneer without a use-by date, unlabelled gravies, vegetables chopped beside a toilet entrance, uncovered noodles in the dishwashing area, blackened reused oil, raw ingredients on the floor.",Spoiled / stale food; Labelling / date-marking; Poor hygiene / sanitation; Cross-contamination / segregation; Storage / packaging,"FSSAI licence suspended under Section 32(3), FSS Act 2006 (preceded by an improvement notice on 29 Dec 2025 and a ₹50,000 court penalty on 10 Apr 2026)",,Licence suspended — follow-up not yet reported,News report — corroboration recommended,ANI,News,https://www.aninews.in/news/national/general-news/fssai-licence-suspended-for-chhatrapati-sambhajinagar-restaurant-after-major-violations-discovered20260822091543/,"""chopped, foul-smelling paneer kept in the kitchen ready for active cooking, lacking any validity or use-by date"" ... ""Cooking oil in use was completely blackened from repeated overheating.""",2026-09-25
FS-2026-0014,South India Dosa Corner,Kurla,Mumbai,Maharashtra,2026-08-10,2026-08-04,"Food and Drug Administration, Maharashtra","Inappropriate waste disposal, inadequate cleaning and no medical, vaccination or food-safety training records.",Waste / drainage; Poor hygiene / sanitation; Medical / training records,FSSAI licence revoked (4–6 Aug statewide drive),,Licence revoked — follow-up not yet reported,News report — corroboration recommended,NewsGram,News,https://www.newsgram.com/maharashtra/2026/08/10/maharashtra-fda-punjab-grill-dosa-corner-license-revoked,"""inappropriate waste disposal, inadequate cleaning methods, and a lack of medical, vaccination, and food safety training records""",2026-09-25
FS-2026-0013,Punjab Grill,Navi Mumbai,Navi Mumbai,Maharashtra,2026-08-10,2026-08-04,"Food and Drug Administration, Maharashtra","Cockroach infestation, unhygienic conditions, stagnant water and missing mandatory records.",Pest infestation; Poor hygiene / sanitation; Waste / drainage; Medical / training records,FSSAI licence revoked (4–6 Aug statewide drive),,Licence revoked — follow-up not yet reported,News report — corroboration recommended,NewsGram,News,https://www.newsgram.com/maharashtra/2026/08/10/maharashtra-fda-punjab-grill-dosa-corner-license-revoked,"""cockroach infestation, unhygienic conditions, stagnant water, and missing mandatory records""",2026-09-25
FS-2026-0012,Pind Punjab,Camp,Pune,Maharashtra,2026-07-18,2026-07-08,"Food and Drug Administration, Pune Division; Bombay High Court",Licence conditionally suspended on 23 Jun after a 22 Jun inspection; a compliance inspection on 8 Jul found 100% compliance and the High Court held the suspension ceased to have effect.,Corrective action completed; Licence restored / suspension revoked,Suspension ceased by High Court order (16 Jul 2026); restaurant resumed operations,,Licence restored — reopened,News report — corroboration recommended,Pune Pulse,News,https://www.mypunepulse.com/pune-bombay-high-court-restores-camp-restaurant-pind-punjabs-food-licence/,"The suspension ""ceased to have effect after the restaurant achieved full compliance during a fresh inspection."" ""Following the High Court's order, the restaurant resumed operations on Thursday evening.""",2026-09-25
FS-2026-0011,Vijayawada Special Krishna Cafe,Gajularamaram,Hyderabad,Telangana,2026-06-28,2026-06-27,Cyberabad Municipal Corporation — Food Safety wing,"Partially open kitchen, overflowing dustbins with houseflies, unlabelled food items, disorganised storage, iron knives used for preparation.",Waste / drainage; Labelling / date-marking; Storage / packaging; Equipment / premises,Iron knives discarded; improvement notice issued,,Improvement notice — compliance outcome not yet reported,News report — corroboration recommended,NewsMeter,News,https://newsmeter.in/hyderabad/cockroaches-rat-burrows-and-expired-food-what-food-safety-teams-found-at-7-hyderabad-eateries-770688,Failure to comply may invoke further action under the Food Safety and Standards Act.,2026-09-25
FS-2026-0010,Shah Gouse Restaurant,Raidurg,Hyderabad,Telangana,2026-06-28,2026-06-27,Cyberabad Municipal Corporation — Food Safety wing,"Houseflies and grease in the kitchen, unhygienic cutting areas, open drains, unclean wash areas; water quality reports missing.",Pest infestation; Poor hygiene / sanitation; Waste / drainage; Water / ice safety,Improvement notice issued,,Improvement notice — compliance outcome not yet reported,News report — corroboration recommended,NewsMeter,News,https://newsmeter.in/hyderabad/cockroaches-rat-burrows-and-expired-food-what-food-safety-teams-found-at-7-hyderabad-eateries-770688,"""Houseflies in the kitchen, grease and dirt accumulation."" Failure to comply may invoke further action under the Food Safety and Standards Act.",2026-09-25
FS-2026-0009,Palamuru Grill Bar & Restaurant,Kondapur,Hyderabad,Telangana,2026-06-28,2026-06-27,Cyberabad Municipal Corporation — Food Safety wing,"Stale food, expired mushrooms, label tampering, houseflies in kitchen, rusted freezer with water accumulation, grease on ceilings.",Spoiled / stale food; Expired food; Labelling / date-marking; Pest infestation; Equipment / premises,Expired mushrooms discarded; improvement notice issued,,Improvement notice — compliance outcome not yet reported,News report — corroboration recommended,NewsMeter,News,https://newsmeter.in/hyderabad/cockroaches-rat-burrows-and-expired-food-what-food-safety-teams-found-at-7-hyderabad-eateries-770688,Failure to comply may invoke further action under the Food Safety and Standards Act.,2026-09-25
FS-2026-0008,Mehfil Restaurant,Hitech City,Hyderabad,Telangana,2026-06-28,2026-06-27,Cyberabad Municipal Corporation — Food Safety wing,"Food prepared in an under-construction area, wet floors, inadequate workspace, missing medical fitness certificates.",Equipment / premises; Medical / training records,Roomali roti preparation halted; improvement notice issued (a further improvement notice was reported in the September Kukatpally drive),,Improvement notice — compliance outcome not yet reported,News report — corroboration recommended,NewsMeter,News,https://newsmeter.in/hyderabad/cockroaches-rat-burrows-and-expired-food-what-food-safety-teams-found-at-7-hyderabad-eateries-770688,Failure to comply may invoke further action under the Food Safety and Standards Act.,2026-09-25
FS-2026-0007,KS Bakers,Kukatpally,Hyderabad,Telangana,2026-06-28,2026-06-27,Cyberabad Municipal Corporation — Food Safety wing,"Cockroach infestation, rusted ovens, untidy storage containers, inadequate segregation in freezer.",Pest infestation; Equipment / premises; Cross-contamination / segregation,Improvement notice issued (a further improvement notice was reported in the September Kukatpally drive),,Improvement notice — compliance outcome not yet reported,News report — corroboration recommended,NewsMeter,News,https://newsmeter.in/hyderabad/cockroaches-rat-burrows-and-expired-food-what-food-safety-teams-found-at-7-hyderabad-eateries-770688,Failure to comply may invoke further action under the Food Safety and Standards Act.,2026-09-25
FS-2026-0006,Ideal Kitchen,Madhapur,Hyderabad,Telangana,2026-06-28,2026-06-27,Cyberabad Municipal Corporation — Food Safety wing,"Dead cockroaches on batter stored in a freezer, insects in stored urad dal, unwrapped batter, raw materials on the floor; medical fitness certificates and water test reports not available.",Pest infestation; Storage / packaging; Medical / training records; Water / ice safety,Improvement notice issued,,Improvement notice — compliance outcome not yet reported,News report — corroboration recommended,NewsMeter,News,https://newsmeter.in/hyderabad/cockroaches-rat-burrows-and-expired-food-what-food-safety-teams-found-at-7-hyderabad-eateries-770688,"""Dead cockroaches on batter stored inside a freezer and insects in stored urad dal."" Failure to comply may invoke further action under the Food Safety and Standards Act.",2026-09-25
FS-2026-0005,Zayaka Food Court,near AMB Mall,Hyderabad,Telangana,2026-06-26,,Cyberabad Municipal Corporation — Food Safety wing,Food stored in a non-functional freezer and a major rat infestation with burrows.,Temperature control; Pest infestation,Not specified in report,,Not reported,News report — corroboration recommended,The Hans India,News,https://www.thehansindia.com/news/cities/hyderabad/stale-food-rats-and-cockroaches-found-during-inspection-drive-1090638,"""severe violations, including food stored in a non-functional freezer, a major rat infestation with burrows""",2026-09-25
FS-2026-0004,The Food Planet,Chandanagar,Hyderabad,Telangana,2026-06-26,,Cyberabad Municipal Corporation — Food Safety wing,Greasy exhausts and pipelines; expired raw mutton and unlabelled curd found.,Expired food; Labelling / date-marking; Equipment / premises,Expired mutton and unlabelled curd discarded,,Not reported,News report — corroboration recommended,The Hans India,News,https://www.thehansindia.com/news/cities/hyderabad/stale-food-rats-and-cockroaches-found-during-inspection-drive-1090638,"""greasy exhausts and pipelines, whilst expired raw mutton and unlabelled curd were discarded""",2026-09-25
FS-2026-0003,Rameshwaram Cafe,near Image Gardens,Hyderabad,Telangana,2026-06-26,,Cyberabad Municipal Corporation — Food Safety wing,"Improper food handling, clogged drains and open dustbins.",Food-handler hygiene; Waste / drainage,Not specified in report,,Not reported,News report — corroboration recommended,The Hans India,News,https://www.thehansindia.com/news/cities/hyderabad/stale-food-rats-and-cockroaches-found-during-inspection-drive-1090638,"Reported finding: Improper food handling, clogged drains and open dustbins.",2026-09-25
FS-2026-0002,Protein Chef,near CGR School,Hyderabad,Telangana,2026-06-26,,Cyberabad Municipal Corporation — Food Safety wing,"Poorly maintained drains; stale, unwrapped food in an unclean freezer.",Waste / drainage; Spoiled / stale food; Storage / packaging,Not specified in report,,Not reported,News report — corroboration recommended,The Hans India,News,https://www.thehansindia.com/news/cities/hyderabad/stale-food-rats-and-cockroaches-found-during-inspection-drive-1090638,"Reported finding: Poorly maintained drains; stale, unwrapped food in an unclean freezer.",2026-09-25
FS-2026-0001,Iguru Restaurant,Khajaguda,Hyderabad,Telangana,2026-06-26,,Cyberabad Municipal Corporation — Food Safety wing,"Houseflies in the kitchen, dishwashing area and store room; mouldy items found.",Pest infestation; Microbial / fungal contamination,Mouldy items discarded,,Not reported,News report — corroboration recommended,The Hans India,News,https://www.thehansindia.com/news/cities/hyderabad/stale-food-rats-and-cockroaches-found-during-inspection-drive-1090638,"""houseflies in the kitchen, dishwashing area, and store room""",2026-09-25
